"Batch","NPC","Deterministic","Jev","Human","Disagreement reason"
"INKYUNG-20-A","INKYUNG-NPC-001","PASS","","",""
"INKYUNG-20-A","INKYUNG-NPC-002","PASS","","",""
"INKYUNG-20-A","INKYUNG-NPC-003","PASS","","",""
"INKYUNG-20-A","INKYUNG-NPC-004","PASS","","",""
"INKYUNG-20-A","INKYUNG-NPC-005","PASS","","",""
"INKYUNG-20-A","INKYUNG-NPC-006","PASS","","",""
"INKYUNG-20-A","INKYUNG-NPC-007","PASS","","",""
"INKYUNG-20-A","INKYUNG-NPC-008","PASS","","",""
"INKYUNG-20-A","INKYUNG-NPC-009","PASS","","",""
"INKYUNG-20-A","INKYUNG-NPC-010","PASS","","",""
"INKYUNG-20-A","INKYUNG-NPC-011","PASS","","",""
"INKYUNG-20-A","INKYUNG-NPC-012","PASS","","",""
"INKYUNG-20-A","INKYUNG-NPC-013","PASS","","",""
"INKYUNG-20-A","INKYUNG-NPC-014","PASS","","",""
"INKYUNG-20-A","INKYUNG-NPC-015","PASS","","",""
"INKYUNG-20-A","INKYUNG-NPC-016","PASS","","",""
"INKYUNG-20-A","INKYUNG-NPC-017","PASS","","",""
"INKYUNG-20-A","INKYUNG-NPC-018","PASS","","",""
"INKYUNG-20-A","INKYUNG-NPC-019","PASS","","",""
"INKYUNG-20-A","INKYUNG-NPC-020","PASS","","",""
"INKYUNG-20-B","INKYUNG-NPC-001","PASS","","",""
"INKYUNG-20-B","INKYUNG-NPC-002","PASS","","",""
"INKYUNG-20-B","INKYUNG-NPC-003","PASS","","",""
"INKYUNG-20-B","INKYUNG-NPC-004","PASS","","",""
"INKYUNG-20-B","INKYUNG-NPC-005","PASS","","",""
"INKYUNG-20-B","INKYUNG-NPC-006","PASS","","",""
"INKYUNG-20-B","INKYUNG-NPC-007","PASS","","",""
"INKYUNG-20-B","INKYUNG-NPC-008","PASS","","",""
"INKYUNG-20-B","INKYUNG-NPC-009","PASS","","",""
"INKYUNG-20-B","INKYUNG-NPC-010","PASS","","",""
"INKYUNG-20-B","INKYUNG-NPC-011","PASS","","",""
"INKYUNG-20-B","INKYUNG-NPC-012","PASS","","",""
"INKYUNG-20-B","INKYUNG-NPC-013","PASS","","",""
"INKYUNG-20-B","INKYUNG-NPC-014","PASS","","",""
"INKYUNG-20-B","INKYUNG-NPC-015","PASS","","",""
"INKYUNG-20-B","INKYUNG-NPC-016","PASS","","",""
"INKYUNG-20-B","INKYUNG-NPC-017","PASS","","",""
"INKYUNG-20-B","INKYUNG-NPC-018","PASS","","",""
"INKYUNG-20-B","INKYUNG-NPC-019","PASS","","",""
"INKYUNG-20-B","INKYUNG-NPC-020","PASS","","",""
"INKYUNG-20-C","INKYUNG-NPC-001","PASS","","",""
"INKYUNG-20-C","INKYUNG-NPC-002","PASS","","",""
"INKYUNG-20-C","INKYUNG-NPC-003","PASS","","",""
"INKYUNG-20-C","INKYUNG-NPC-004","PASS","","",""
"INKYUNG-20-C","INKYUNG-NPC-005","PASS","","",""
"INKYUNG-20-C","INKYUNG-NPC-006","PASS","","",""
"INKYUNG-20-C","INKYUNG-NPC-007","PASS","","",""
"INKYUNG-20-C","INKYUNG-NPC-008","PASS","","",""
"INKYUNG-20-C","INKYUNG-NPC-009","PASS","","",""
"INKYUNG-20-C","INKYUNG-NPC-010","PASS","","",""
"INKYUNG-20-C","INKYUNG-NPC-011","PASS","","",""
"INKYUNG-20-C","INKYUNG-NPC-012","PASS","","",""
"INKYUNG-20-C","INKYUNG-NPC-013","PASS","","",""
"INKYUNG-20-C","INKYUNG-NPC-014","PASS","","",""
"INKYUNG-20-C","INKYUNG-NPC-015","PASS","","",""
"INKYUNG-20-C","INKYUNG-NPC-016","PASS","","",""
"INKYUNG-20-C","INKYUNG-NPC-017","PASS","","",""
"INKYUNG-20-C","INKYUNG-NPC-018","PASS","","",""
"INKYUNG-20-C","INKYUNG-NPC-019","PASS","","",""
"INKYUNG-20-C","INKYUNG-NPC-020","PASS","","",""
